dur,proto,service,state,spkts,dpkts,sbytes,dbytes,rate,sttl,dttl,sload,dload,sloss,dloss,sinpkt,dinpkt,sjit,djit,swin,stcpb,dtcpb,dwin,tcprtt,synack,ackdat,smean,dmean,trans_depth,response_body_len,ct_srv_src,ct_state_ttl,ct_dst_ltm,ct_src_dport_ltm,ct_dst_sport_ltm,ct_dst_src_ltm,is_ftp_login,ct_ftp_cmd,ct_flw_http_mthd,ct_src_ltm,ct_srv_dst,is_sm_ips_ports,label
0.000008,tcp,-,REQ,2,0,90,0,125000.0003,254,0,45000000,0,1,0,0.008,0,0,0,255,0,0,0,0,0,0,45,0,0,0,15,6,7,1,1,15,0,0,0,7,15,0,normal
0.000007,tcp,-,REQ,2,0,90,0,142857.1409,254,0,51428572,0,1,0,0.007,0,0,0,255,0,0,0,0,0,0,45,0,0,0,15,6,7,1,1,15,0,0,0,7,15,0,normal
0.000003,tcp,-,REQ,2,0,90,0,333333.3215,254,0,119999992,0,1,0,0.003,0,0,0,255,0,0,0,0,0,0,45,0,0,0,15,6,7,1,1,15,0,0,0,7,15,0,normal
0.000007,tcp,-,REQ,2,0,90,0,142857.1409,254,0,51428572,0,1,0,0.007,0,0,0,255,0,0,0,0,0,0,45,0,0,0,15,6,7,1,1,15,0,0,0,7,15,0,normal
0.329353,tcp,dns,FIN,10,6,544,268,45.543838,254,252,11902.12305,5440.970703,2,1,36.594778,47.590801,1910.85937,75.1995,255,4109165564,3919296993,255,0.14381,0.075027,0.068783,54,45,0,0,1,1,1,1,1,1,0,0,0,1,1,0,attack
0.000001,unas,-,INT,2,0,200,0,1000000.003,254,0,800000000,0,0,0,0.001,0,0,0,0,0,0,0,0,0,0,100,0,0,0,10,2,5,4,4,11,0,0,0,5,10,0,attack
0.000001,unas,-,INT,2,0,200,0,1000000.003,254,0,800000000,0,0,0,0.001,0,0,0,0,0,0,0,0,0,0,100,0,0,0,10,2,5,4,4,11,0,0,0,5,10,0,attack
0.000009,unas,-,INT,2,0,200,0,111111.1072,254,0,88888888,0,0,0,0.009,0,0,0,0,0,0,0,0,0,0,100,0,0,0,10,2,5,4,4,11,0,0,0,5,10,0,attack